chunk_size,auc,num_k_points
100,0.09048100971346863,3
50,0.08792510024798145,3
150,0.06691494915769038,3
200,0.04922065962087785,3
250,0.041813322740517606,3
10,0.029541614211625555,3
